before,after
8.874576195838687,9.408554641230518
9.446987181549384,9.684718112212147
15.963830307218029,15.69271528044399
9.741369863226717,9.603836860161934
6.10216118844202,6.089527711148546
