origin,model
17.022727447670466,8.874576195838687
28.706001083586955,9.446987181549384
188.82020656328203,15.69271528044399
71.34143165423711,9.603836860161934
23.76269093266175,6.089527711148546
